location,year_3_profit,local_pop,competitors,nearest_fgh,hours,highway,drivethru
38195,1,125567.0,0.0,6.4,Extended,3,No
12324,1,105571.0,0.0,5.3,24 hours,16,Yes
79567,0,104591.0,0.0,6.3,,6,No
41435,1,169028.0,0.0,6.0,Extended,5,Yes
24969,1,Unknown,0.0,4.5,Extended,4,No drivethru
38255,1,197654.0,0.0,7.6,,5,Yes
26925,1,265647.0,0.0,7.2,24 hours,2,Yes
91321,1,131662.0,0.0,6.3,Extended,20,Yes
20900,1,175574.0,0.0,6.8,,4,Yes
11136,1,22738.0,0.0,33.5,24 hours,11,Yes
40385,1,44333.0,0.0,15.9,Extended,11,Yes
85453,1,206817.0,0.0,6.9,Extended,29,Yes
47000,1,115950.0,1.0,6.2,24 hours,26,No
58536,1,257539.0,0.0,5.8,,1,Yes
88254,1,13537.0,0.0,41.6,Extended,19,Yes
10806,1,225824.0,0.0,7.1,Extended,2,No
42681,1,100684.0,0.0,4.5,Regular,18,No
31245,1,34803.0,0.0,8.1,Extended,12,No
13078,1,190009.0,0.0,5.5,24 hours,20,No
95959,1,76720.0,0.0,5.0,24 hours,29,No
53636,1,110752.0,0.0,6.7,24 hours,25,Yes
98122,1,286044.0,1.0,4.4,Extended,3,Yes
74150,1,272098.0,0.0,6.9,Extended,25,Yes
43138,1,34767.0,0.0,17.4,Extended,5,Yes
91694,1,42702.0,1.0,7.0,,2,Yes
99658,1,288865.0,1.0,4.5,Extended,6,No
36952,0,94399.0,0.0,4.0,,13,Yes
16058,0,57974.0,0.0,7.1,Extended,20,No
46684,1,299358.0,0.0,4.4,Regular,3,No
16579,1,245536.0,0.0,5.4,Extended,9,No
82916,1,263646.0,0.0,4.6,,21,No
92641,1,136732.0,0.0,5.8,Regular,14,No
54234,1,97269.0,0.0,5.3,Extended,14,Yes
67271,0,48710.0,0.0,6.6,Regular,3,No
48081,1,62479.0,0.0,5.6,Extended,23,No
26441,0,88975.0,0.0,9.3,Extended,9,Yes
84668,0,93564.0,0.0,7.4,Extended,3,No
37659,1,18309.0,0.0,15.0,24 hours,12,Yes
97164,1,88781.0,0.0,7.9,,26,No
61562,0,247463.0,0.0,4.6,Extended,11,Yes
58983,1,277602.0,0.0,5.1,Regular,2,No
63796,1,64129.0,0.0,7.0,Extended,2,Yes
48306,1,69109.0,0.0,7.7,Extended,9,No
76583,1,168571.0,0.0,5.9,Regular,12,No
15579,1,169298.0,1.0,7.6,Extended,5,Yes
47331,1,157408.0,0.0,7.1,Regular,18,No
35618,1,216589.0,0.0,6.6,Extended,14,Yes
17428,1,277909.0,0.0,6.8,Extended,10,No
95606,1,254695.0,0.0,6.9,Extended,7,No
50618,1,108626.0,0.0,6.6,Extended,3,Yes
20785,0,56079.0,0.0,5.5,Regular,6,No
30426,1,224328.0,0.0,4.7,Extended,17,No
18260,0,97480.0,0.0,7.1,24 hours,27,Yes
75799,1,285753.0,0.0,5.1,Regular,21,No
18690,1,81595.0,0.0,7.5,Extended,28,Yes
48759,0,72273.0,0.0,6.8,Regular,7,No
18442,1,Unknown,0.0,6.4,24 hours,12,No drivethru
85628,1,120011.0,0.0,6.7,Extended,14,No
65027,0,12830.0,0.0,55.6,Regular,7,No
26271,0,18854.0,0.0,6.3,24 hours,11,Yes
68394,1,54290.0,0.0,12.9,Extended,6,Yes
32287,1,153493.0,0.0,7.6,24 hours,20,Yes
59706,1,75484.0,0.0,5.2,Regular,16,No
44243,0,77837.0,0.0,4.7,,1,No
36700,1,82175.0,0.0,7.6,Extended,2,Yes
54577,1,150402.0,0.0,5.0,24 hours,5,Yes
33312,1,278329.0,0.0,5.3,24 hours,8,Yes
31465,1,151579.0,0.0,6.7,Extended,29,Yes
31978,0,232099.0,0.0,6.6,,28,Yes
67675,1,126632.0,0.0,7.3,Regular,14,No
84642,1,213778.0,0.0,5.3,Extended,4,Yes
53020,1,248076.0,0.0,6.9,Regular,19,Yes
37597,1,198059.0,0.0,5.7,24 hours,12,Yes
50551,1,104767.0,0.0,4.6,Extended,18,Yes
77499,1,10571.0,0.0,30.7,Extended,21,Yes
47783,1,188179.0,0.0,7.7,24 hours,5,No
45781,1,243553.0,0.0,7.2,Extended,3,Yes
26842,1,165961.0,0.0,6.3,Extended,26,No
97349,1,103873.0,0.0,6.9,Extended,22,No
48571,1,28321.0,0.0,7.8,24 hours,8,Yes
27331,1,229989.0,1.0,5.4,24 hours,20,No
51460,0,176718.0,0.0,6.6,Regular,27,No
21091,1,76805.0,0.0,5.3,24 hours,18,Yes
67644,1,138629.0,0.0,5.5,Regular,12,No
38173,1,194985.0,0.0,7.1,Regular,2,No
52795,1,242360.0,0.0,6.7,Extended,20,Yes
49007,1,242739.0,0.0,4.8,Regular,12,No
98213,1,Unknown,0.0,6.4,24 hours,25,No drivethru
39434,1,176189.0,0.0,7.8,Regular,14,No
32380,1,43868.0,0.0,6.4,Extended,8,Yes
94211,1,214563.0,0.0,6.3,24 hours,23,Yes
59159,1,163201.0,0.0,5.3,Extended,2,Yes
60222,1,148636.0,0.0,4.5,24 hours,15,No
69251,1,297294.0,0.0,4.7,Extended,8,Yes
39853,1,190077.0,0.0,6.0,Extended,8,No
17581,1,252888.0,0.0,4.9,Extended,3,No
87186,1,238459.0,0.0,7.3,Regular,19,No
24188,1,133855.0,0.0,6.7,Extended,9,Yes
19360,1,65189.0,0.0,4.7,Regular,7,No
22314,1,267171.0,0.0,6.9,24 hours,26,Yes
11849,1,94981.0,0.0,5.3,Extended,27,Yes
44998,1,162290.0,0.0,5.8,Extended,22,No
83328,1,193239.0,0.0,4.7,Regular,10,Yes
91494,1,59188.0,0.0,8.1,Regular,6,No
86539,1,87875.0,0.0,7.5,24 hours,23,Yes
24917,0,209725.0,0.0,4.2,Extended,21,No
62756,1,35400.0,0.0,5.1,Extended,14,No
69057,1,111851.0,0.0,4.9,Extended,2,Yes
37465,1,286086.0,0.0,6.0,,1,Yes
80365,1,197621.0,0.0,5.2,Extended,16,Yes
66813,1,110641.0,0.0,6.8,Extended,20,Yes
36012,1,13262.0,0.0,48.5,,24,No
83994,1,211134.0,0.0,6.4,Regular,5,Yes
48766,1,54690.0,0.0,11.9,24 hours,29,No
24299,1,40836.0,0.0,17.5,Extended,20,Yes
53542,1,11241.0,0.0,50.0,Extended,16,Yes
46501,0,206722.0,0.0,6.5,Extended,6,No
80619,1,70826.0,0.0,9.7,24 hours,25,Yes
62060,1,221405.0,0.0,4.6,24 hours,24,Yes
37777,1,274340.0,0.0,6.5,Extended,18,No
64057,1,190514.0,0.0,7.0,Extended,19,No
45995,0,248685.0,0.0,6.9,24 hours,9,Yes
14517,1,Unknown,0.0,12.2,Regular,6,No drivethru
42199,1,271653.0,0.0,4.6,Extended,27,Yes
87829,1,80339.0,0.0,9.7,Regular,29,Yes
11440,1,62716.0,0.0,6.2,24 hours,18,No
63458,1,260410.0,1.0,5.9,,11,No
86091,0,147771.0,1.0,6.7,24 hours,26,No
23912,1,149659.0,0.0,6.6,24 hours,21,No
65427,1,173715.0,0.0,8.0,Regular,10,No
59645,1,256456.0,1.0,6.8,Extended,28,Yes
72081,1,83405.0,0.0,9.7,24 hours,13,No
91290,1,53789.0,0.0,7.4,Regular,28,No
61346,1,94210.0,0.0,5.7,Extended,9,No
76624,0,209379.0,0.0,7.5,,14,Yes
13932,1,295491.0,0.0,6.7,24 hours,5,Yes
93940,1,109898.0,0.0,6.2,24 hours,20,Yes
59825,1,Unknown,0.0,4.1,24 hours,21,No drivethru
31760,1,197430.0,0.0,7.8,Regular,14,Yes
25010,1,163784.0,0.0,6.0,Extended,27,No
39592,1,239890.0,0.0,5.3,,17,Yes
61319,1,235532.0,0.0,4.9,Regular,25,No
43250,1,101018.0,0.0,8.2,Regular,10,No
55625,1,154077.0,0.0,4.8,Extended,23,Yes
73298,1,182786.0,0.0,7.2,Regular,12,No
67403,1,Unknown,0.0,7.9,24 hours,29,No drivethru
82804,1,124842.0,0.0,7.0,Extended,24,Yes
81528,1,160401.0,0.0,4.8,24 hours,2,Yes
53862,1,30352.0,0.0,19.8,24 hours,28,No
84532,1,167846.0,0.0,7.2,24 hours,22,Yes
45987,1,147112.0,1.0,6.3,,16,Yes
30372,0,38437.0,0.0,15.1,Extended,1,Yes
50573,0,116416.0,0.0,4.5,Regular,29,No
17383,0,147338.0,0.0,5.1,Extended,13,Yes
39386,1,98072.0,0.0,7.2,24 hours,8,Yes
51737,1,286727.0,0.0,5.1,Extended,20,No
47779,1,106855.0,0.0,6.4,24 hours,28,Yes
96038,1,299818.0,1.0,5.4,Extended,2,No
37489,1,Unknown,0.0,13.5,Regular,29,No drivethru
66999,1,89641.0,0.0,6.1,24 hours,7,Yes
34555,1,61832.0,0.0,12.9,Extended,18,Yes
77997,1,Unknown,0.0,5.9,,14,No drivethru
75249,1,101894.0,0.0,6.4,24 hours,20,Yes
42024,1,186611.0,0.0,7.4,Extended,12,Yes
39246,1,205272.0,0.0,6.1,Extended,8,Yes
54372,1,265804.0,0.0,4.9,Extended,29,Yes
14418,1,192439.0,0.0,7.8,Regular,23,No
85827,1,131216.0,1.0,4.2,24 hours,17,Yes
58249,1,229965.0,0.0,6.9,,25,Yes
70628,1,119139.0,0.0,5.4,24 hours,20,Yes
65618,0,51189.0,0.0,13.3,Extended,13,No
63451,1,107086.0,0.0,7.6,24 hours,22,No
72586,1,286593.0,0.0,6.1,Extended,15,Yes
49176,1,98213.0,0.0,5.8,24 hours,10,No
75692,1,120984.0,0.0,6.7,24 hours,4,No
45213,1,254727.0,0.0,7.0,Regular,17,Yes
99115,1,114336.0,0.0,7.9,Extended,26,No
45820,1,112125.0,0.0,7.6,24 hours,11,No
25236,1,18723.0,1.0,39.7,24 hours,9,Yes
15058,1,154423.0,0.0,4.8,Regular,20,No
32343,1,291587.0,1.0,6.0,Extended,22,Yes
67683,1,228736.0,0.0,7.6,Regular,4,No
64859,1,37459.0,0.0,22.3,Extended,21,Yes
23396,1,114481.0,0.0,4.7,Extended,1,Yes
93468,1,86271.0,0.0,6.2,Extended,20,No
61678,1,192440.0,0.0,7.9,24 hours,26,No
16527,1,97516.0,0.0,5.3,24 hours,23,No
84502,1,241338.0,0.0,7.1,Extended,3,No
26926,1,124580.0,0.0,4.1,24 hours,16,Yes
35219,1,259810.0,1.0,4.4,24 hours,12,Yes
41100,1,Unknown,0.0,4.4,Extended,10,No drivethru
79730,1,237161.0,0.0,6.1,Extended,15,Yes
48987,1,110535.0,0.0,5.0,24 hours,18,Yes
37739,1,286207.0,1.0,6.8,Extended,7,No
51803,1,132932.0,0.0,5.1,24 hours,6,Yes
68793,1,235421.0,0.0,5.1,Regular,23,No
44556,1,140403.0,1.0,5.0,Extended,9,Yes
88153,0,10322.0,0.0,55.6,Extended,16,Yes
22755,1,172725.0,0.0,7.0,24 hours,10,Yes
61921,0,108433.0,0.0,7.6,Extended,5,No
33668,1,101231.0,0.0,8.1,24 hours,24,No
19132,1,149692.0,0.0,4.9,,18,No
10535,0,263649.0,0.0,4.3,24 hours,28,Yes
45847,0,41839.0,1.0,5.3,24 hours,4,No
30027,0,131505.0,0.0,6.6,Extended,28,Yes
75668,1,46658.0,0.0,8.7,24 hours,7,Yes
50326,1,211188.0,0.0,7.0,24 hours,13,Yes
66277,1,128961.0,0.0,6.2,24 hours,1,Yes
49905,0,21816.0,0.0,29.8,Regular,4,No
17711,1,133546.0,0.0,4.9,24 hours,21,Yes
99636,1,213214.0,0.0,7.0,Extended,11,Yes
69597,1,231781.0,0.0,6.3,,23,No
57469,0,132258.0,0.0,7.1,Extended,21,No
40339,1,92704.0,0.0,6.1,24 hours,1,Yes
29707,1,55916.0,0.0,5.9,Extended,25,Yes
31093,1,138368.0,1.0,5.8,24 hours,19,Yes
34284,1,164770.0,0.0,7.8,Extended,14,Yes
76711,1,75827.0,0.0,4.6,24 hours,7,Yes
39056,1,228919.0,0.0,5.7,Extended,14,Yes
93666,1,232698.0,0.0,5.6,,25,No
85553,0,129574.0,0.0,6.3,24 hours,3,Yes
24152,1,Unknown,0.0,6.5,,16,No drivethru
10323,1,31344.0,1.0,22.6,24 hours,8,Yes
24064,1,174536.0,0.0,6.5,Extended,24,Yes
80096,1,Unknown,0.0,6.5,Extended,29,No drivethru
61609,1,50447.0,0.0,6.8,Regular,23,No
86263,1,66765.0,0.0,8.3,Regular,14,Yes
48845,1,276310.0,0.0,6.9,Extended,14,Yes
63822,1,230316.0,1.0,4.4,Extended,1,Yes
51349,0,93083.0,0.0,5.4,24 hours,19,No
62411,1,54201.0,0.0,11.3,Regular,12,No
12687,1,44897.0,0.0,5.9,Extended,3,Yes
74647,1,275628.0,0.0,6.4,Extended,2,No
77643,0,87018.0,0.0,8.0,24 hours,16,Yes
95164,1,99091.0,0.0,7.9,Extended,5,Yes
77357,1,259540.0,0.0,4.4,24 hours,5,Yes
36822,1,15832.0,0.0,9.3,24 hours,4,Yes
59797,1,259950.0,0.0,5.5,Regular,10,No
23619,1,63223.0,0.0,12.8,Extended,29,No
33872,0,102240.0,0.0,7.2,,16,Yes
31845,1,104652.0,0.0,7.7,Extended,19,No
10481,1,64152.0,0.0,12.7,Extended,14,Yes
61532,1,235726.0,0.0,5.6,24 hours,25,No
90709,1,19219.0,0.0,11.7,,22,Yes
31919,1,262249.0,0.0,6.6,Extended,29,No
31453,1,170717.0,0.0,7.8,24 hours,10,Yes
18073,1,227498.0,0.0,6.1,Extended,15,Yes
70251,1,257377.0,0.0,4.5,24 hours,7,Yes
35814,1,256941.0,0.0,5.8,,23,No
90829,1,253038.0,0.0,4.8,Extended,25,Yes
59733,1,131535.0,0.0,6.2,Regular,21,No
58422,0,52121.0,0.0,8.6,Extended,16,Yes
41557,1,55306.0,1.0,7.3,Regular,29,No
46907,1,134114.0,0.0,5.0,Extended,21,Yes
40601,1,213324.0,0.0,5.7,24 hours,24,No
70391,1,244489.0,0.0,7.3,,18,Yes
67886,1,204777.0,0.0,7.3,Extended,4,Yes
14560,1,235504.0,0.0,5.3,Extended,28,No
15163,0,263582.0,0.0,5.1,Extended,6,No
73079,0,39333.0,0.0,16.4,24 hours,25,No
90091,1,172221.0,0.0,5.2,Extended,9,Yes
94268,1,46551.0,1.0,8.0,Extended,22,No
21270,1,16691.0,0.0,44.5,Extended,6,Yes
19521,1,292842.0,0.0,4.9,Extended,16,No
32053,1,163705.0,0.0,4.5,,14,Yes
77724,1,60260.0,0.0,10.8,24 hours,13,Yes
46593,0,10044.0,0.0,37.0,Regular,8,No
47513,0,248813.0,0.0,5.3,Extended,8,Yes
38089,1,144638.0,0.0,6.0,Extended,15,Yes
27991,1,295887.0,0.0,6.8,Extended,8,Yes
49786,1,227089.0,0.0,5.9,24 hours,18,Yes
31793,1,103686.0,0.0,4.4,24 hours,11,Yes
73061,1,209710.0,0.0,6.0,Extended,21,Yes
23429,1,258032.0,0.0,5.9,Extended,4,No
94151,1,122097.0,0.0,6.9,Regular,4,No
81632,0,71782.0,0.0,8.1,Extended,8,No
50921,1,209070.0,0.0,7.4,Extended,26,Yes
37500,0,279299.0,0.0,5.0,Extended,4,Yes
87947,1,126953.0,0.0,6.6,,9,Yes
98130,0,37552.0,0.0,4.8,Extended,7,No
32632,1,210051.0,0.0,7.0,Regular,20,No
25884,1,62587.0,0.0,7.2,Extended,13,Yes
63925,1,154589.0,0.0,5.2,Regular,4,No
15867,1,125604.0,0.0,5.1,Extended,10,Yes
77533,1,45892.0,0.0,9.9,24 hours,20,Yes
40176,1,Unknown,0.0,4.6,Extended,25,No drivethru
19947,1,124710.0,0.0,5.2,,4,Yes
33690,1,115226.0,0.0,6.3,,25,Yes
44152,1,23208.0,0.0,30.0,,15,No
99875,1,175480.0,0.0,6.9,Extended,3,No
22727,1,135872.0,0.0,5.6,Regular,19,No
19326,0,173904.0,0.0,7.3,Regular,15,No
51884,1,108327.0,0.0,4.8,Extended,21,Yes
13674,1,162684.0,1.0,5.8,24 hours,9,Yes
10280,0,57515.0,0.0,6.2,24 hours,6,No
37840,1,108456.0,0.0,6.3,24 hours,28,Yes
71689,1,281832.0,0.0,6.1,24 hours,2,Yes
42575,1,57592.0,0.0,6.3,Extended,15,Yes
19585,1,238371.0,0.0,4.7,24 hours,8,Yes
66016,1,103110.0,0.0,6.0,24 hours,28,Yes
59961,1,53619.0,0.0,6.5,Extended,28,No
41381,1,277389.0,0.0,4.5,24 hours,22,Yes
73370,1,222905.0,0.0,7.0,24 hours,2,Yes
79004,0,236307.0,1.0,5.5,Extended,29,No
27559,1,158934.0,0.0,5.0,Extended,22,No
72573,1,124495.0,0.0,6.5,24 hours,12,Yes
87219,1,238663.0,0.0,4.8,,20,No
46342,1,188535.0,0.0,4.6,Extended,13,Yes
96592,1,54186.0,0.0,6.5,Extended,29,No
23409,0,54739.0,0.0,14.3,Regular,16,Yes
97790,1,205059.0,1.0,6.5,Extended,13,No
37079,1,59558.0,0.0,5.8,Extended,22,No
45810,1,176973.0,0.0,7.5,Extended,2,Yes
55974,1,252077.0,0.0,4.3,,25,Yes
64078,1,176162.0,0.0,4.6,Extended,21,No
81476,1,32206.0,1.0,18.9,24 hours,22,Yes
98773,1,160662.0,0.0,4.4,Regular,24,No
44058,0,266297.0,0.0,6.1,,29,No
19042,0,42815.0,0.0,9.2,Regular,16,No
99092,1,160526.0,0.0,4.6,Extended,2,Yes
89691,1,Unknown,0.0,6.1,24 hours,18,No drivethru
14822,1,96274.0,0.0,7.4,Regular,12,No
13762,1,251463.0,1.0,4.3,24 hours,28,Yes
55936,1,271514.0,0.0,4.5,Extended,11,Yes
80177,1,165869.0,0.0,4.4,Extended,27,Yes
20967,1,209604.0,0.0,7.7,24 hours,15,Yes
55082,1,153154.0,0.0,4.9,24 hours,8,No
51753,1,122206.0,0.0,6.1,Regular,4,No
16624,0,42543.0,0.0,11.8,Extended,15,No
58641,0,187527.0,0.0,5.6,,5,No
81631,0,124398.0,0.0,5.4,Extended,19,No
27630,1,221416.0,0.0,6.4,Extended,24,Yes
83864,0,Unknown,1.0,6.1,24 hours,4,No drivethru
54927,1,Unknown,1.0,7.4,Extended,6,No drivethru
12138,1,45530.0,0.0,6.3,Regular,15,No
86619,1,131625.0,0.0,7.6,Extended,1,No
48535,1,98373.0,1.0,4.6,Regular,26,No
92608,1,288346.0,0.0,4.9,Regular,4,No
23236,0,16346.0,0.0,41.0,Extended,1,Yes
52536,1,80159.0,0.0,7.3,24 hours,22,No
97614,1,174935.0,0.0,5.1,Extended,1,Yes
26881,1,152428.0,0.0,6.8,Regular,16,No
49188,1,171804.0,0.0,4.6,Extended,2,Yes
76561,1,179806.0,0.0,4.2,,8,Yes
93069,0,265687.0,0.0,6.5,,12,Yes
86356,1,128681.0,0.0,6.3,24 hours,23,No
47063,0,142447.0,0.0,6.8,Extended,25,No
80124,0,69551.0,0.0,7.3,Extended,23,No
62862,1,268690.0,0.0,4.3,24 hours,11,No
61521,0,168834.0,0.0,7.0,24 hours,25,Yes
59388,1,87733.0,1.0,5.3,24 hours,9,No
61330,1,163871.0,0.0,4.8,24 hours,23,Yes
97893,1,24060.0,0.0,5.8,Extended,-24,No
42131,1,39003.0,0.0,11.6,Regular,17,No
60863,1,68216.0,0.0,10.0,Extended,1,Yes
34428,1,202945.0,0.0,7.4,Regular,17,No
68385,1,191069.0,0.0,7.3,,17,Yes
99811,1,120692.0,0.0,4.1,Extended,11,No
45039,1,145246.0,0.0,5.5,,12,Yes
58478,1,180988.0,0.0,4.2,24 hours,1,No
70161,1,113691.0,0.0,7.9,Extended,25,Yes
44648,1,223626.0,0.0,5.1,24 hours,23,Yes
33210,1,97393.0,1.0,7.5,24 hours,9,Yes
57041,1,94301.0,0.0,7.3,Extended,3,Yes
73417,0,190472.0,0.0,4.6,24 hours,25,Yes
24949,1,46986.0,0.0,6.8,Extended,23,No
67727,1,224420.0,0.0,6.4,Extended,25,Yes
84848,1,Unknown,1.0,5.6,Extended,28,No drivethru
33814,1,274222.0,0.0,5.7,,21,No
35937,1,139306.0,1.0,5.7,Extended,11,No
51901,0,74654.0,0.0,5.0,Extended,3,No
57008,1,137019.0,0.0,5.0,Extended,3,No
87176,1,228750.0,0.0,4.4,Extended,6,Yes
67706,1,137165.0,1.0,6.2,,18,Yes
26966,1,112988.0,0.0,5.6,Extended,11,No
95318,1,44471.0,0.0,12.7,Extended,19,Yes
59182,1,152642.0,0.0,5.3,Extended,16,Yes
49381,1,132864.0,0.0,4.5,Regular,3,No
68965,1,60573.0,0.0,9.7,24 hours,11,Yes
99583,1,34170.0,1.0,19.2,Regular,23,No
83213,1,169229.0,0.0,4.3,Extended,3,No
82619,1,177969.0,0.0,6.1,Extended,6,Yes
83877,1,139093.0,0.0,5.3,24 hours,15,No
89609,1,34182.0,1.0,23.9,Extended,18,No
17262,0,134607.0,0.0,5.4,Extended,15,Yes
23413,1,Unknown,0.0,6.0,Extended,2,No drivethru
54019,1,299672.0,0.0,4.3,Extended,5,Yes
81605,1,93189.0,0.0,5.7,24 hours,19,Yes
21698,1,295631.0,0.0,6.7,Regular,19,No
18507,1,167207.0,0.0,7.5,Regular,14,No
27615,1,99886.0,0.0,6.3,Extended,26,Yes
89546,1,227402.0,0.0,4.4,Extended,5,Yes
98428,1,198266.0,0.0,6.8,24 hours,4,No
59026,1,99973.0,0.0,6.7,Extended,17,Yes
53387,1,15116.0,0.0,7.9,Extended,7,No
75514,1,176143.0,0.0,7.2,Extended,23,Yes
21131,0,97879.0,0.0,7.1,Extended,28,No
50818,1,107862.0,0.0,6.9,Extended,11,Yes
92267,1,177385.0,0.0,4.9,Extended,21,Yes
20237,1,136764.0,0.0,4.8,Regular,18,No
54088,1,82321.0,0.0,5.1,Regular,18,No
88846,1,245820.0,0.0,6.2,Extended,16,No
55111,1,167229.0,0.0,6.1,Regular,2,No
89187,0,64433.0,0.0,5.3,Regular,4,No
60095,1,274172.0,0.0,5.0,Extended,13,No
54561,1,Unknown,0.0,4.9,Extended,6,No drivethru
28162,1,279624.0,0.0,5.5,Extended,6,Yes
23835,1,25353.0,0.0,12.5,Extended,17,No
72189,1,233818.0,0.0,4.9,Extended,9,No
17184,1,255113.0,0.0,6.7,Extended,8,No
34002,1,151925.0,0.0,5.0,24 hours,17,No
80364,1,220781.0,0.0,4.7,Extended,29,No
38350,1,169325.0,0.0,5.6,24 hours,26,Yes
97343,1,216061.0,1.0,6.6,Extended,14,Yes
70339,0,60046.0,0.0,10.8,Extended,2,Yes
52165,0,46342.0,0.0,7.4,,7,No
37172,1,245918.0,0.0,5.7,Extended,2,No
73121,1,102044.0,0.0,4.2,24 hours,29,No
59863,1,114500.0,1.0,4.8,Extended,25,Yes
29987,1,168264.0,0.0,4.4,,16,Yes
13183,1,188832.0,0.0,5.7,24 hours,29,Yes
66266,0,32181.0,0.0,22.2,24 hours,15,Yes
74616,1,226619.0,0.0,7.7,24 hours,2,No
94202,1,249839.0,0.0,5.3,Extended,22,Yes
59614,1,172570.0,1.0,5.0,Extended,7,No
33441,0,96780.0,0.0,7.6,Extended,9,Yes
13770,1,117338.0,0.0,5.4,Extended,1,Yes
24674,1,257000.0,0.0,4.2,Regular,15,No
28443,1,85683.0,0.0,5.9,24 hours,10,Yes
30133,1,232405.0,0.0,6.6,24 hours,6,No
10564,1,195836.0,0.0,5.2,Extended,24,No
10238,1,113563.0,0.0,4.6,24 hours,29,Yes
41308,1,104039.0,0.0,7.9,24 hours,11,Yes
11570,1,34972.0,0.0,8.0,24 hours,2,No
45319,1,260382.0,0.0,4.3,Extended,2,No
51055,1,207760.0,0.0,4.3,Extended,21,Yes
37387,0,114874.0,0.0,5.3,24 hours,19,No
63592,1,291686.0,0.0,5.7,Extended,12,Yes
63969,1,245931.0,0.0,5.1,Regular,12,No
56321,1,298701.0,0.0,6.2,Extended,16,No
60869,1,Unknown,0.0,5.6,24 hours,11,No drivethru
62004,1,283534.0,0.0,4.5,Regular,5,Yes
90257,1,260492.0,0.0,6.7,Extended,23,Yes
97455,1,45495.0,0.0,18.2,Extended,16,No
73034,0,263492.0,0.0,5.7,Extended,6,No
24865,1,274185.0,0.0,4.8,Extended,26,Yes
53414,1,265800.0,0.0,5.8,Extended,6,Yes
84940,0,246091.0,0.0,6.7,Extended,16,Yes
32940,1,90603.0,0.0,7.6,Extended,5,No
65007,1,218751.0,0.0,7.6,Extended,7,No
88097,1,285020.0,0.0,6.7,Regular,25,No
80769,1,83622.0,0.0,7.8,Extended,10,Yes
48689,0,85402.0,0.0,4.7,Extended,6,Yes
66947,1,113821.0,1.0,6.1,Extended,10,Yes
21491,1,203270.0,0.0,4.5,24 hours,28,Yes
84347,0,282909.0,0.0,4.8,,26,Yes
31768,1,158280.0,0.0,5.7,Regular,22,No
10075,0,253374.0,0.0,6.2,Extended,16,Yes
36567,1,269569.0,0.0,5.9,Regular,2,No
37934,1,214022.0,0.0,6.6,24 hours,17,Yes
97136,1,116587.0,0.0,4.5,Extended,2,Yes
56818,0,257102.0,0.0,5.7,Regular,8,Yes
73421,1,170900.0,1.0,4.8,24 hours,22,No
89760,1,68828.0,0.0,6.4,24 hours,17,Yes
43024,0,137651.0,0.0,7.6,Extended,24,No
35729,1,254036.0,1.0,5.5,Extended,29,No
89370,1,Unknown,0.0,6.3,Extended,16,No drivethru
46286,1,45117.0,0.0,18.5,Extended,20,Yes
47281,1,138144.0,0.0,5.6,,19,Yes
60290,0,64552.0,0.0,10.9,Extended,10,Yes
42865,0,241020.0,1.0,6.3,Extended,11,Yes
32396,1,111263.0,0.0,7.2,24 hours,26,Yes
15190,1,93842.0,0.0,5.7,Regular,10,Yes
42456,0,275842.0,0.0,5.9,Extended,1,Yes
45383,1,231347.0,0.0,4.7,Extended,4,No
82743,1,28701.0,0.0,16.3,Extended,11,No
51239,1,26362.0,0.0,6.8,Regular,19,No
67217,1,190758.0,0.0,7.9,Extended,6,Yes
53417,1,55585.0,0.0,8.0,Extended,1,Yes
94881,1,27998.0,0.0,13.0,Regular,17,No
14709,0,84058.0,0.0,4.7,,6,Yes
89993,1,247693.0,0.0,7.0,,13,Yes
91165,1,156719.0,1.0,6.1,,25,Yes
88134,1,290886.0,0.0,5.0,Extended,7,No
93089,1,296687.0,0.0,5.0,Extended,21,Yes
49277,1,161320.0,0.0,4.0,24 hours,24,No
36420,1,241327.0,0.0,5.3,Extended,26,No
55032,1,255672.0,0.0,5.3,Extended,20,Yes
92684,1,261280.0,0.0,4.9,24 hours,5,No
14055,1,253418.0,1.0,5.9,Extended,22,No
41827,1,111628.0,0.0,4.3,Extended,15,Yes
29640,1,254446.0,0.0,7.1,24 hours,5,Yes
81522,1,93535.0,0.0,5.2,Extended,5,No
10855,1,114651.0,0.0,5.9,Extended,2,No
98011,1,64389.0,0.0,5.2,24 hours,7,Yes
99907,1,102188.0,1.0,5.1,24 hours,23,Yes
11027,1,268668.0,0.0,6.9,Extended,18,Yes
88033,1,71977.0,0.0,5.5,Extended,19,Yes
13485,1,282773.0,0.0,5.5,Extended,10,No
67910,1,180653.0,0.0,7.5,Extended,23,Yes
60343,1,41715.0,0.0,7.4,24 hours,24,Yes
54989,1,95742.0,0.0,8.1,,10,Yes
72048,0,119452.0,0.0,7.1,Extended,5,Yes
86768,1,85558.0,0.0,9.4,24 hours,16,Yes
74385,0,30998.0,0.0,7.5,24 hours,7,No
99516,1,102729.0,0.0,4.8,Extended,25,No
83177,1,232131.0,0.0,4.8,Extended,20,Yes
63240,1,198598.0,0.0,4.6,24 hours,21,No
97101,1,299237.0,0.0,6.0,Regular,4,No
12403,1,294181.0,0.0,4.5,Extended,3,Yes
90700,1,104495.0,0.0,7.2,24 hours,13,No
34250,0,215597.0,0.0,6.9,Extended,4,Yes
79797,1,266550.0,0.0,6.6,24 hours,12,Yes
14775,1,291519.0,0.0,5.3,Regular,9,No
92747,1,144135.0,0.0,8.0,Extended,19,No
25508,1,154779.0,0.0,4.7,,20,No
71000,1,177521.0,0.0,4.3,Regular,28,Yes
89067,1,92937.0,0.0,6.7,24 hours,5,Yes
75589,1,160057.0,0.0,7.5,Extended,5,No
92334,1,281277.0,0.0,6.0,Extended,19,Yes
30291,1,284029.0,1.0,6.4,Extended,16,No
46011,1,196085.0,0.0,5.0,Extended,20,No
44814,1,77844.0,0.0,10.0,24 hours,26,Yes
49001,1,105512.0,0.0,7.9,24 hours,18,No
54617,1,298968.0,0.0,4.6,24 hours,22,No
81419,0,245058.0,0.0,4.4,Extended,26,Yes
16767,1,143325.0,0.0,6.5,Extended,28,Yes
72067,1,46474.0,0.0,11.9,Extended,29,Yes
84018,1,190904.0,0.0,6.9,Regular,5,No
43264,1,148861.0,1.0,4.2,,3,No
50384,1,254418.0,0.0,5.4,24 hours,16,Yes
88712,1,299465.0,0.0,6.7,Extended,22,No
92482,1,158082.0,0.0,7.6,,22,No
12207,1,109124.0,0.0,7.0,Regular,19,No
53604,1,193336.0,0.0,4.6,Extended,19,Yes
43697,0,58646.0,0.0,6.0,24 hours,13,No
91538,1,224725.0,0.0,7.6,24 hours,4,No
94840,1,132820.0,0.0,6.9,Regular,5,Yes
38548,1,34545.0,1.0,12.3,,19,No
34576,0,37954.0,0.0,16.3,Extended,6,No
33820,1,43570.0,1.0,5.4,,8,No
84199,0,89789.0,0.0,6.2,Extended,2,No
62552,0,166881.0,0.0,6.5,Extended,19,Yes
79507,1,234480.0,0.0,4.9,24 hours,10,Yes
24167,1,36213.0,0.0,12.2,24 hours,6,Yes
90909,1,289541.0,0.0,5.9,,29,No
85984,1,168888.0,0.0,4.1,24 hours,10,No
10688,0,129794.0,0.0,7.4,24 hours,24,Yes
67174,1,163102.0,0.0,5.4,Regular,24,Yes
27707,1,76974.0,0.0,5.3,Regular,17,No
64620,1,83440.0,0.0,7.7,Extended,28,No
12268,1,151849.0,0.0,5.6,Extended,26,No
19580,0,242417.0,0.0,4.2,Regular,11,No
24929,1,175659.0,0.0,5.7,24 hours,15,Yes
91868,0,270732.0,0.0,5.4,24 hours,14,Yes
60795,1,263617.0,0.0,5.2,Extended,22,Yes
17385,0,219068.0,1.0,5.4,Extended,19,No
60588,1,128390.0,0.0,8.0,24 hours,14,Yes
96434,1,184556.0,0.0,6.4,,27,Yes
89892,0,59173.0,1.0,13.1,24 hours,19,Yes
24005,1,Unknown,0.0,4.3,Extended,18,No drivethru
66316,1,297108.0,0.0,6.1,,14,Yes
62533,1,35853.0,0.0,12.3,Extended,14,Yes
66190,1,282771.0,0.0,6.9,24 hours,16,Yes
79157,1,54399.0,0.0,12.9,24 hours,22,Yes
61619,0,73823.0,0.0,6.8,Extended,27,Yes
52656,1,295369.0,0.0,6.0,24 hours,20,Yes
11175,1,204856.0,0.0,7.1,Regular,17,No
99088,1,192490.0,0.0,5.9,Extended,26,Yes
49703,1,228534.0,0.0,6.8,24 hours,14,No
60069,0,192467.0,0.0,7.7,,20,Yes
77076,1,167604.0,0.0,4.8,,17,Yes
54070,1,15808.0,0.0,40.7,24 hours,4,Yes
73229,1,89968.0,0.0,4.1,24 hours,4,Yes
67601,1,148537.0,0.0,6.2,24 hours,2,Yes
76988,1,218385.0,0.0,5.4,Regular,8,No
85799,1,264141.0,0.0,5.0,Extended,24,Yes
16882,1,89297.0,0.0,8.3,,15,No
51370,1,274035.0,0.0,5.5,Extended,22,No
28234,0,Unknown,0.0,8.4,,1,No drivethru
97275,1,224718.0,0.0,4.2,24 hours,19,Yes
61547,1,256909.0,0.0,5.7,Extended,18,Yes
87458,1,185688.0,1.0,6.3,24 hours,21,Yes
84707,1,175128.0,0.0,4.5,,2,Yes
35951,1,83253.0,1.0,8.7,Regular,15,No
21538,0,248771.0,0.0,5.8,24 hours,14,Yes
21285,1,205371.0,0.0,7.4,Extended,15,Yes
28844,1,230269.0,0.0,6.2,Extended,21,No
13972,1,50982.0,0.0,5.2,24 hours,18,Yes
56163,1,74067.0,0.0,4.2,Extended,28,Yes
10350,1,133711.0,0.0,5.3,24 hours,26,Yes
11219,1,101684.0,0.0,8.2,Regular,29,No
59343,0,59168.0,1.0,4.6,24 hours,9,No
52726,1,174390.0,0.0,5.7,Extended,15,No
42175,1,230471.0,1.0,5.5,24 hours,18,Yes
35958,1,56405.0,0.0,6.4,24 hours,27,Yes
60043,1,160063.0,0.0,4.3,,27,Yes
46744,1,139645.0,0.0,5.9,24 hours,14,No
79603,1,153984.0,0.0,6.3,Extended,22,Yes
62845,1,19578.0,0.0,13.1,Extended,11,Yes
33796,0,66284.0,0.0,10.7,Regular,5,No
14760,1,234477.0,0.0,7.2,Extended,16,Yes
95960,0,183003.0,0.0,4.3,24 hours,21,No
49446,0,298991.0,0.0,4.7,Regular,22,No
83030,1,205097.0,0.0,7.7,Extended,1,No
28041,1,134137.0,0.0,4.4,,16,Yes
31282,1,200264.0,0.0,6.6,Extended,27,Yes
34030,1,201039.0,0.0,6.6,Extended,14,No
14182,1,156606.0,0.0,6.5,24 hours,9,Yes
98629,1,180364.0,0.0,5.1,Extended,28,No
56037,1,55453.0,0.0,11.0,,2,Yes
43595,1,150423.0,0.0,5.6,Regular,11,No
98612,1,114557.0,0.0,5.4,Extended,12,Yes
56819,1,276078.0,0.0,5.5,24 hours,18,Yes
18192,1,260823.0,0.0,6.3,Extended,28,No
83765,1,235990.0,0.0,5.1,24 hours,4,Yes
98358,1,99615.0,0.0,7.4,24 hours,15,Yes
60211,1,158269.0,0.0,7.4,24 hours,11,Yes
53686,1,26051.0,0.0,24.5,Extended,23,Yes
54982,0,108372.0,0.0,5.1,24 hours,2,No
29408,0,50477.0,0.0,7.8,Extended,14,Yes
47064,1,34896.0,0.0,13.5,Extended,3,No
16329,1,65713.0,0.0,7.0,,7,Yes
91112,1,116494.0,0.0,7.2,24 hours,8,Yes
81746,1,67128.0,0.0,7.9,24 hours,29,Yes
48671,1,45375.0,0.0,9.3,Regular,29,No
39760,1,13196.0,0.0,60.0,Extended,23,No
38558,1,218555.0,0.0,7.4,,6,Yes
36437,1,201908.0,0.0,4.4,Extended,15,Yes
74859,1,177499.0,0.0,4.2,24 hours,11,Yes
49633,1,204268.0,0.0,7.8,Extended,7,No
26379,1,89134.0,0.0,4.5,,24,Yes
66281,1,27150.0,0.0,23.1,Regular,10,No
44229,1,58090.0,0.0,4.1,24 hours,15,Yes
20632,1,27147.0,0.0,6.0,24 hours,2,Yes
37649,1,296693.0,0.0,5.0,Extended,27,No
70950,1,61875.0,0.0,10.4,,29,Yes
59333,1,Unknown,0.0,7.5,24 hours,12,No drivethru
96821,1,249024.0,0.0,5.4,Extended,29,Yes
29659,1,59982.0,0.0,5.7,Extended,24,No
25329,1,107370.0,0.0,4.5,Regular,5,Yes
71160,1,262578.0,1.0,5.6,Extended,26,Yes
52067,1,Unknown,0.0,7.4,24 hours,20,No drivethru
99530,1,116649.0,0.0,6.1,Extended,13,No
12840,1,163955.0,0.0,5.9,Extended,25,Yes
49161,1,105365.0,0.0,4.9,Extended,20,Yes
49928,1,10047.0,1.0,59.1,Extended,17,Yes
67491,1,42342.0,0.0,12.4,Regular,17,No
55267,1,29671.0,0.0,23.3,Extended,20,Yes
95902,1,128127.0,0.0,7.4,24 hours,3,No
21778,1,Unknown,0.0,4.2,Extended,1,No drivethru
18680,1,127405.0,0.0,4.3,Extended,24,No
17029,0,16033.0,0.0,24.7,Regular,16,No
64664,1,98943.0,0.0,4.7,Extended,12,No
45156,1,238145.0,1.0,4.4,Extended,27,Yes
42554,1,140868.0,0.0,5.8,Extended,19,No
11507,1,36656.0,0.0,19.7,24 hours,29,No
21297,1,215080.0,0.0,7.9,Extended,6,No
49493,1,11862.0,0.0,66.2,Extended,10,Yes
96793,1,213305.0,0.0,4.4,Regular,23,No
14294,0,42605.0,0.0,7.5,Regular,8,No
53770,1,130038.0,0.0,5.5,24 hours,3,Yes
86376,1,288021.0,0.0,5.0,,17,No
52706,1,55531.0,0.0,7.9,Extended,17,Yes
55332,1,177456.0,0.0,5.9,Extended,11,Yes
36397,1,161343.0,0.0,4.3,Extended,5,Yes
11364,1,230446.0,0.0,7.5,Extended,22,No
97083,1,Unknown,0.0,4.6,24 hours,10,No drivethru
42726,1,126096.0,1.0,5.4,,21,No
29827,0,229079.0,0.0,7.6,Extended,3,Yes
70537,1,224273.0,0.0,5.0,24 hours,18,Yes
60498,1,63867.0,0.0,7.6,Extended,6,Yes
15090,1,297290.0,0.0,6.1,Extended,28,Yes
99484,1,148989.0,0.0,5.5,Extended,18,No
92121,1,173460.0,0.0,5.5,,12,Yes
10369,1,52642.0,0.0,7.3,Extended,16,No
65397,0,52505.0,0.0,4.8,Regular,11,No
13809,1,Unknown,0.0,17.6,24 hours,3,No drivethru
90134,0,59937.0,0.0,13.3,Extended,9,Yes
67526,1,161076.0,0.0,4.9,Extended,2,No
61856,1,80409.0,0.0,7.6,24 hours,25,No
14795,0,65070.0,0.0,11.8,Regular,8,No
19918,1,64470.0,0.0,5.7,Regular,17,No
42836,1,93753.0,0.0,4.0,,20,Yes
27460,1,213850.0,0.0,5.5,Extended,18,Yes
80523,1,192036.0,0.0,4.3,Regular,27,No
41074,0,265178.0,0.0,6.9,Extended,27,Yes
25204,1,179828.0,0.0,4.4,Regular,19,No
98688,1,222874.0,0.0,4.2,24 hours,6,Yes
73107,1,44542.0,0.0,8.0,Extended,25,Yes
54109,0,173583.0,0.0,6.5,Regular,27,No
17510,1,149489.0,0.0,4.5,Extended,6,No
73915,1,29464.0,0.0,11.5,Regular,6,Yes
92951,1,70134.0,0.0,7.1,Regular,28,No
92465,1,43817.0,0.0,4.3,Regular,19,No
17213,0,131814.0,0.0,6.4,Regular,3,No
85039,1,38689.0,0.0,21.6,Extended,4,Yes
80756,1,103988.0,1.0,5.5,Regular,19,No
98365,0,117636.0,0.0,6.6,24 hours,21,No
51164,1,226682.0,0.0,7.3,Regular,5,No
41302,1,33040.0,0.0,15.6,24 hours,29,Yes
40756,1,273895.0,0.0,7.0,,7,Yes
72002,1,152837.0,0.0,7.8,Extended,7,No
49967,1,253045.0,1.0,5.5,Extended,8,No
96708,0,221730.0,0.0,7.4,Regular,21,No
78381,0,99247.0,0.0,8.0,,17,No
79629,1,178574.0,1.0,5.0,24 hours,6,Yes
70193,1,138572.0,0.0,4.0,Extended,27,Yes
45133,1,Unknown,0.0,7.2,Extended,4,No drivethru
64275,0,205131.0,0.0,5.2,24 hours,21,Yes
84870,1,189592.0,0.0,6.2,24 hours,-1,Yes
11747,1,117844.0,0.0,5.8,Extended,14,No
19116,1,52760.0,0.0,5.3,Extended,12,Yes
99778,1,178822.0,0.0,7.6,Extended,7,Yes
10560,1,217479.0,1.0,4.2,24 hours,26,Yes
70172,1,179573.0,1.0,5.3,Extended,23,Yes
27511,0,118510.0,0.0,4.3,Extended,25,No
29696,0,118867.0,0.0,7.1,,23,Yes
65837,1,168017.0,0.0,5.1,24 hours,28,Yes
92131,0,64288.0,0.0,11.4,Extended,28,Yes
64364,1,291110.0,1.0,5.6,,18,No
26599,1,116334.0,0.0,6.3,Extended,14,Yes
67908,1,89372.0,0.0,5.5,Extended,12,Yes
96448,1,220489.0,0.0,5.1,24 hours,8,Yes
10576,1,270917.0,0.0,4.7,,7,No
97534,1,30549.0,1.0,8.3,Extended,21,Yes
30498,1,270804.0,0.0,5.7,24 hours,22,Yes
28486,1,153192.0,0.0,5.2,Regular,20,No
30612,1,267483.0,0.0,5.8,Regular,1,Yes
64834,1,79588.0,0.0,4.9,,26,Yes
71134,1,286928.0,1.0,6.6,Regular,27,No
49331,1,32394.0,0.0,14.5,24 hours,20,Yes
98214,1,280451.0,0.0,5.3,Extended,1,No
87352,1,140104.0,0.0,5.6,,4,Yes
41793,1,Unknown,0.0,5.4,Regular,13,No drivethru
96282,1,85887.0,0.0,5.8,Extended,14,No
22881,1,150654.0,0.0,7.7,Extended,22,Yes
28586,0,181114.0,0.0,4.4,Extended,26,Yes
28614,1,209358.0,0.0,5.1,24 hours,2,Yes
39149,1,129739.0,0.0,6.6,24 hours,22,Yes
49868,0,86046.0,0.0,6.5,Extended,18,Yes
42505,1,206778.0,0.0,6.6,Regular,29,Yes
93564,1,147208.0,0.0,5.6,24 hours,5,No
97603,0,275134.0,0.0,4.6,24 hours,2,No
62989,1,82686.0,0.0,5.0,Regular,7,No
82874,1,Unknown,0.0,4.8,,3,No drivethru
42212,1,17070.0,0.0,31.3,24 hours,22,Yes
62425,1,237996.0,0.0,6.7,24 hours,11,Yes
90770,1,187899.0,0.0,4.6,,29,Yes
41394,1,293651.0,0.0,6.0,Extended,7,Yes
28913,1,140737.0,0.0,5.0,Extended,13,Yes
46975,1,149763.0,0.0,6.2,24 hours,3,Yes
38278,1,200023.0,0.0,5.1,,9,No
60455,1,52682.0,0.0,5.6,Extended,12,No
66389,1,267571.0,0.0,7.0,24 hours,21,Yes
92830,1,287287.0,0.0,5.7,Extended,14,Yes
32240,1,135476.0,0.0,4.3,Extended,9,Yes
19430,1,237853.0,0.0,5.7,24 hours,17,Yes
84706,1,39963.0,0.0,16.9,Regular,22,No
36668,1,147647.0,0.0,7.3,,15,Yes
96824,1,98477.0,0.0,6.8,Extended,20,Yes
56896,1,262083.0,0.0,6.7,Extended,1,No
59487,1,175816.0,0.0,4.3,Regular,29,No
78098,1,71479.0,0.0,5.3,24 hours,10,Yes
64674,1,272005.0,0.0,5.1,Regular,25,No
36155,1,Unknown,0.0,4.7,,21,No drivethru
60864,1,59614.0,0.0,13.2,Extended,27,Yes
46195,1,209395.0,0.0,4.5,Extended,26,Yes
12172,1,213035.0,1.0,5.7,Extended,5,Yes
20670,1,121423.0,0.0,6.4,Extended,18,Yes
11134,1,156892.0,0.0,5.0,24 hours,7,No
38489,1,289362.0,0.0,5.2,Extended,3,Yes
65375,1,61175.0,0.0,13.3,Extended,26,Yes
73296,1,277325.0,0.0,6.5,Extended,3,No
39317,1,48209.0,0.0,8.8,Extended,11,Yes
41456,0,60625.0,0.0,7.3,Extended,21,Yes
30307,1,217471.0,1.0,7.5,,8,No
29108,1,Unknown,0.0,6.3,Extended,28,No drivethru
16256,1,129471.0,1.0,5.1,Regular,23,No
75641,0,249747.0,0.0,5.5,,3,No
85589,1,288366.0,0.0,6.5,24 hours,26,Yes
36450,0,162983.0,0.0,6.5,24 hours,10,Yes
46262,1,199542.0,1.0,5.9,Regular,15,No
77819,1,117395.0,0.0,5.3,24 hours,21,No
86275,1,38341.0,0.0,9.1,Extended,23,No
93247,1,133846.0,0.0,5.3,Extended,11,No
87612,0,238418.0,0.0,7.4,Regular,21,No
25717,1,87992.0,0.0,4.6,24 hours,8,Yes
60892,1,206781.0,1.0,7.5,24 hours,15,No
29069,1,113864.0,0.0,5.9,Extended,21,No
78321,1,282147.0,0.0,6.3,24 hours,28,No
57267,1,281011.0,0.0,5.5,,27,Yes
39124,0,Unknown,0.0,4.9,Regular,12,No drivethru
80507,1,229336.0,0.0,5.9,Extended,10,No
59426,1,23374.0,0.0,30.3,Extended,17,Yes
81488,1,240072.0,0.0,4.2,Extended,24,No
79556,0,259422.0,1.0,4.7,24 hours,26,No
45621,1,95380.0,0.0,6.8,Extended,20,No
41596,0,200515.0,0.0,6.4,Extended,13,No
64322,0,238635.0,0.0,4.6,Regular,16,No
10111,1,276796.0,0.0,6.7,Regular,26,No
89080,1,272637.0,0.0,6.7,24 hours,3,No
57893,1,176546.0,1.0,4.7,,21,Yes
95042,0,27146.0,0.0,8.9,,7,No
11979,1,163870.0,0.0,5.8,Extended,27,No
66578,1,127502.0,0.0,6.1,Extended,6,No
88911,1,159870.0,0.0,7.0,Regular,29,Yes
83274,1,201967.0,0.0,4.7,Regular,4,No
66383,1,230255.0,1.0,4.9,24 hours,7,Yes
56456,1,164309.0,0.0,4.5,Extended,14,Yes
45217,1,220131.0,0.0,6.4,,18,Yes
87064,1,250147.0,0.0,4.4,Extended,19,No
71500,1,236438.0,0.0,5.2,Regular,21,No
41107,1,171470.0,0.0,5.9,Regular,12,No
58034,1,69840.0,0.0,6.0,24 hours,2,Yes
78775,1,126717.0,0.0,7.1,Regular,27,No
35449,1,107396.0,0.0,7.7,,13,No
50178,1,170580.0,0.0,4.2,24 hours,26,No
89824,0,16915.0,0.0,24.1,Extended,26,Yes
53681,1,102749.0,0.0,6.3,24 hours,15,Yes
31604,0,78929.0,0.0,7.9,Extended,5,No
50961,0,37409.0,0.0,10.6,Regular,2,No
22099,1,53975.0,0.0,5.5,Extended,22,Yes
53352,1,200373.0,0.0,5.8,Extended,10,No
69766,1,266210.0,1.0,4.3,Extended,17,No
79211,1,35284.0,0.0,7.3,24 hours,14,Yes
74215,1,135060.0,1.0,4.9,24 hours,22,Yes
61395,1,106420.0,0.0,7.5,24 hours,17,Yes
46815,1,168170.0,0.0,4.7,,16,Yes
19189,1,289583.0,1.0,4.6,24 hours,26,Yes
89516,1,151266.0,0.0,4.1,,17,Yes
72352,1,64226.0,0.0,9.5,Extended,28,Yes
49383,1,40451.0,0.0,11.6,Regular,18,No
77058,1,251719.0,0.0,4.6,24 hours,22,No
79156,0,169759.0,0.0,6.0,Regular,10,No
53121,0,66367.0,0.0,4.8,24 hours,9,No
97108,0,175188.0,0.0,6.3,24 hours,4,Yes
15745,0,152239.0,1.0,6.5,24 hours,6,Yes
18178,1,25682.0,0.0,19.9,Extended,22,Yes
51347,1,165507.0,0.0,6.9,24 hours,25,Yes
72799,1,105374.0,0.0,7.0,Extended,17,Yes
47532,1,175433.0,0.0,4.2,24 hours,26,Yes
33707,1,12556.0,1.0,47.4,Extended,22,Yes
51949,1,111064.0,0.0,6.1,24 hours,12,No
37173,0,50533.0,0.0,5.1,Regular,5,No
43816,1,277104.0,0.0,6.4,24 hours,11,Yes
38235,1,223658.0,0.0,5.6,24 hours,14,No
77095,1,168479.0,0.0,4.4,Extended,7,No
63979,1,57646.0,0.0,4.9,Extended,19,Yes
71536,1,215108.0,0.0,5.6,,3,Yes
17152,1,162348.0,0.0,6.4,Extended,28,Yes
12595,1,226739.0,0.0,4.2,Extended,25,No
99719,1,Unknown,0.0,12.7,Extended,28,No drivethru
16478,1,299806.0,0.0,6.3,24 hours,25,No
53377,0,Unknown,0.0,6.3,24 hours,12,No drivethru
82943,1,187073.0,0.0,5.4,Regular,4,No
65172,1,78305.0,0.0,5.2,Extended,17,Yes
63050,1,47703.0,0.0,14.9,24 hours,17,Yes
96001,1,24012.0,0.0,15.6,Extended,18,No
10242,1,Unknown,0.0,6.5,Extended,7,No drivethru
62019,1,253894.0,0.0,4.4,24 hours,4,Yes
72266,1,Unknown,0.0,17.9,24 hours,24,No drivethru
52897,1,257025.0,0.0,5.7,24 hours,9,No
78155,1,114157.0,0.0,5.3,24 hours,19,Yes
28163,1,Unknown,0.0,7.0,24 hours,3,No drivethru
77537,1,281464.0,1.0,6.9,Extended,7,Yes
81751,1,130486.0,0.0,5.0,Extended,19,No
27602,1,132443.0,0.0,6.6,Regular,13,No
48425,1,142403.0,0.0,4.7,Extended,8,No
89180,1,290527.0,0.0,5.4,Extended,14,No
90809,1,12620.0,1.0,27.8,Extended,12,Yes
13071,1,Unknown,0.0,4.7,24 hours,8,No drivethru
56180,1,162378.0,0.0,7.5,,10,No
52373,1,56763.0,0.0,4.0,24 hours,26,Yes
50366,0,166487.0,0.0,4.7,24 hours,27,Yes
93682,1,106734.0,0.0,7.0,Extended,15,No
58414,1,Unknown,0.0,21.7,Extended,8,No drivethru
53785,0,274925.0,0.0,4.9,,29,No
31627,1,124648.0,1.0,6.7,Extended,17,Yes
11026,1,131653.0,0.0,6.2,24 hours,5,Yes
34768,1,286402.0,0.0,4.9,Extended,23,Yes
13476,1,264291.0,0.0,6.9,Extended,7,No
59287,0,137644.0,0.0,5.6,Extended,2,Yes
40672,1,235901.0,0.0,5.6,,20,No
93559,1,93016.0,0.0,5.5,24 hours,15,Yes
66017,1,66889.0,0.0,4.4,Extended,28,No
65100,1,51838.0,0.0,15.0,Regular,22,No
20359,0,160785.0,0.0,5.0,Extended,29,Yes
56928,0,204085.0,0.0,5.1,Extended,2,No
59106,1,270760.0,0.0,7.0,Extended,16,Yes
57729,1,197019.0,0.0,5.2,Extended,10,Yes
41847,1,272367.0,1.0,5.4,Extended,4,No
96954,1,55353.0,0.0,5.3,24 hours,5,Yes
82464,0,296095.0,0.0,5.5,Extended,18,No
99304,1,188040.0,0.0,4.9,Extended,2,No
24203,1,Unknown,0.0,54.2,Extended,10,No drivethru
90305,0,119601.0,0.0,4.6,,26,No
66524,1,210392.0,0.0,7.6,24 hours,10,Yes
54712,1,26657.0,0.0,8.0,24 hours,12,No
43347,1,14177.0,0.0,33.7,Extended,29,Yes
97711,1,134318.0,0.0,5.4,Regular,20,No
42320,1,Unknown,0.0,6.1,Regular,4,No drivethru
73457,1,85222.0,0.0,7.1,24 hours,15,Yes
73486,1,92066.0,0.0,5.9,Regular,17,No
10776,0,11581.0,0.0,43.3,24 hours,8,Yes
27979,1,193842.0,0.0,7.4,Extended,11,Yes
24930,1,215141.0,0.0,4.7,Regular,20,Yes
51384,1,197891.0,0.0,4.2,Extended,19,No
75075,1,133944.0,0.0,4.2,Extended,21,Yes
30348,1,191626.0,0.0,7.3,Extended,23,No
40741,1,78954.0,0.0,4.7,24 hours,27,Yes
62881,1,193935.0,0.0,4.1,24 hours,25,Yes
78670,1,201401.0,0.0,6.9,Regular,10,Yes
13154,1,122144.0,0.0,6.7,Extended,4,Yes
19633,1,180957.0,0.0,4.1,24 hours,29,No
85946,1,171651.0,0.0,7.0,Extended,28,No
81963,1,177240.0,0.0,7.6,Extended,27,Yes
91440,1,96397.0,0.0,5.3,24 hours,15,Yes
37319,1,Unknown,0.0,6.7,24 hours,8,No drivethru
65380,1,24305.0,1.0,7.0,Extended,15,Yes
50445,1,286272.0,0.0,5.1,Extended,21,No
45543,1,202844.0,1.0,4.5,Extended,19,Yes
89049,1,285852.0,0.0,4.2,Extended,24,No
34524,1,271110.0,0.0,6.0,Regular,2,No
97263,0,181926.0,1.0,6.7,24 hours,24,No
75688,1,Unknown,1.0,4.4,Extended,13,No drivethru
41126,1,238414.0,0.0,7.4,24 hours,8,Yes
83431,1,185679.0,0.0,6.4,Regular,6,No
21097,1,71916.0,0.0,5.4,Extended,7,No
55508,1,52127.0,0.0,9.3,24 hours,4,Yes
44863,0,53461.0,1.0,7.6,Extended,6,Yes
55701,1,269772.0,0.0,4.7,,21,Yes
46208,1,80233.0,0.0,5.3,Extended,18,Yes
45094,0,200377.0,0.0,5.6,,20,Yes
32452,1,295805.0,0.0,4.3,Extended,12,Yes
24008,1,144479.0,0.0,7.8,24 hours,4,No
86670,1,10584.0,0.0,76.7,,21,Yes
67767,1,190522.0,0.0,6.3,24 hours,3,No
99567,1,74132.0,0.0,8.8,Extended,9,Yes
74297,1,207004.0,0.0,4.0,24 hours,17,No
97851,0,31111.0,0.0,16.6,Extended,5,No
31783,1,278500.0,0.0,6.9,Extended,1,Yes
21961,1,105648.0,0.0,7.3,Extended,18,Yes
75862,1,214323.0,0.0,5.3,Extended,26,Yes
84554,1,274062.0,0.0,6.5,Extended,29,Yes
70530,1,287436.0,1.0,5.5,Extended,8,Yes
48357,1,254811.0,1.0,5.6,Regular,14,Yes
59767,1,Unknown,0.0,6.8,24 hours,12,No drivethru
99298,1,245128.0,1.0,5.9,Extended,25,Yes
18992,0,12996.0,0.0,51.4,,6,No
94027,1,257615.0,0.0,6.9,24 hours,15,Yes
68309,1,169526.0,0.0,6.5,24 hours,27,No
26806,1,253530.0,0.0,6.5,Regular,10,No
93484,1,Unknown,0.0,8.8,Extended,17,No drivethru
29984,1,128113.0,0.0,4.7,Extended,19,Yes
68395,0,258506.0,0.0,6.1,24 hours,22,Yes
28887,1,106148.0,0.0,5.7,Extended,6,Yes
23790,1,Unknown,0.0,5.1,24 hours,23,No drivethru
48806,1,Unknown,0.0,5.9,24 hours,13,No drivethru
89988,1,14213.0,0.0,4.4,Extended,8,Yes
80222,1,121805.0,0.0,4.3,24 hours,26,Yes
27202,0,62856.0,0.0,11.0,24 hours,28,Yes
57337,0,242439.0,0.0,6.9,Extended,7,No
36658,1,66404.0,0.0,12.1,Extended,15,No
45954,0,294961.0,0.0,5.0,24 hours,13,Yes
21313,0,237425.0,0.0,5.4,Regular,17,No
41576,1,85971.0,0.0,6.7,Extended,25,Yes
90392,1,243722.0,0.0,5.0,Extended,21,Yes
44505,0,38041.0,0.0,8.6,,14,Yes
43727,1,Unknown,0.0,4.8,,28,No drivethru
60692,1,268634.0,1.0,7.0,Extended,2,Yes
32832,0,104024.0,0.0,7.5,Extended,4,No
68837,1,262712.0,0.0,6.4,24 hours,2,Yes
62043,0,77718.0,0.0,5.8,Regular,29,No
67080,1,95521.0,0.0,5.7,Extended,4,Yes
41175,0,277585.0,0.0,6.2,24 hours,19,Yes
20526,0,20903.0,0.0,35.4,Regular,7,No
83922,1,269774.0,0.0,4.7,Extended,6,No
16962,1,186628.0,0.0,4.8,Regular,18,No
74621,0,Unknown,0.0,5.1,Regular,14,No drivethru
49901,1,199396.0,0.0,7.8,Regular,5,No
94360,1,233227.0,1.0,5.6,24 hours,9,Yes
54340,1,79205.0,0.0,5.5,24 hours,12,Yes
53964,1,189234.0,0.0,7.1,Extended,29,Yes
91975,1,225153.0,0.0,4.7,Extended,29,No
83230,1,173797.0,0.0,4.3,24 hours,15,No
78691,1,66270.0,0.0,9.8,24 hours,27,Yes
35160,0,58453.0,0.0,11.9,Extended,1,No
70462,0,82772.0,0.0,5.9,Extended,16,Yes
14583,0,58983.0,0.0,12.7,Extended,2,No
69792,1,199086.0,0.0,4.8,Extended,22,Yes
39585,1,42135.0,1.0,6.0,Extended,16,No
83670,1,104373.0,0.0,7.0,Regular,12,No
44402,0,25323.0,0.0,25.2,Regular,1,No
70472,1,241567.0,0.0,5.7,Extended,22,Yes
75801,1,232155.0,0.0,4.2,24 hours,29,No
24325,1,147300.0,0.0,4.1,,12,Yes
60319,0,90072.0,0.0,7.7,,5,No
71089,1,63367.0,0.0,11.9,Regular,2,No
26253,1,225783.0,0.0,5.3,24 hours,18,Yes
89295,1,89343.0,0.0,9.4,24 hours,19,Yes
75611,1,95684.0,0.0,8.7,Extended,16,No
32222,1,297746.0,0.0,4.9,Extended,12,No
43368,1,59300.0,0.0,9.9,Extended,29,Yes
58755,1,199577.0,0.0,7.6,24 hours,26,Yes
89288,1,166795.0,0.0,4.6,Extended,25,No
21981,0,22490.0,0.0,6.7,Regular,1,No
34416,0,90576.0,1.0,4.9,Extended,11,No
59157,1,135159.0,0.0,5.6,Extended,9,Yes
79708,1,14229.0,0.0,53.0,Extended,20,Yes
19604,1,Unknown,0.0,6.0,Regular,26,No drivethru
73431,0,100740.0,0.0,5.5,Regular,23,No
42992,1,79622.0,0.0,7.8,24 hours,4,Yes
67347,0,89632.0,0.0,4.1,Regular,2,Yes
87594,1,13080.0,0.0,22.5,24 hours,21,Yes
12672,1,257139.0,0.0,4.6,Regular,17,No
81858,1,205337.0,0.0,5.2,Extended,7,Yes
36028,0,98684.0,1.0,4.3,Extended,25,No
14813,0,237789.0,0.0,4.9,24 hours,21,Yes
37851,1,118244.0,0.0,5.8,Regular,11,Yes
48572,1,110747.0,0.0,6.9,Extended,20,Yes
34570,1,194174.0,0.0,6.3,24 hours,15,Yes
15879,1,16418.0,0.0,30.7,Extended,25,Yes
81142,0,188994.0,0.0,6.3,Extended,12,Yes
83245,1,28498.0,0.0,19.8,Extended,29,No
30272,1,204387.0,0.0,6.5,Extended,16,Yes
16167,1,176605.0,0.0,5.3,24 hours,13,No
82311,1,122561.0,0.0,7.2,Extended,3,Yes
72422,1,61814.0,0.0,13.4,Regular,28,No
65167,1,296253.0,0.0,5.3,Extended,16,No
18783,0,178170.0,1.0,7.4,Extended,5,No
64012,1,98627.0,0.0,7.6,Extended,26,Yes
33422,1,277034.0,0.0,5.9,Extended,26,Yes
82481,1,79735.0,0.0,5.9,24 hours,17,Yes
88116,1,68609.0,0.0,11.6,Regular,16,No
51465,1,176432.0,0.0,7.4,Regular,2,No
60402,1,58898.0,0.0,4.7,Extended,12,Yes
85344,1,23717.0,0.0,21.1,,9,Yes
23546,0,244651.0,0.0,5.9,Regular,3,No
76758,1,13725.0,0.0,21.1,Extended,24,No
94147,1,22374.0,1.0,21.4,24 hours,4,Yes
86143,1,169143.0,0.0,7.8,Extended,6,Yes
17587,1,82093.0,0.0,5.6,Extended,18,No
44329,1,191157.0,0.0,6.7,24 hours,22,Yes
72102,1,237650.0,0.0,5.7,Regular,20,No
94954,1,62592.0,0.0,6.3,Extended,18,Yes
97999,1,288850.0,0.0,4.6,Regular,9,No
16552,1,138786.0,0.0,4.6,Regular,17,No
39635,1,261865.0,0.0,5.3,Extended,19,Yes
56516,1,155590.0,0.0,7.0,24 hours,4,Yes
31566,1,87939.0,0.0,6.5,24 hours,8,Yes
98842,0,14894.0,0.0,44.6,Extended,20,No
17557,1,179708.0,0.0,4.2,Regular,18,Yes
13951,1,246574.0,0.0,5.5,Extended,29,Yes
37806,1,234363.0,0.0,5.6,24 hours,13,Yes
47900,1,211539.0,0.0,5.3,Regular,26,No
32208,1,131303.0,0.0,7.0,Extended,10,Yes
13353,1,45680.0,0.0,5.8,24 hours,20,Yes
35101,1,233308.0,0.0,6.3,Extended,28,Yes
93312,1,167261.0,0.0,6.8,Extended,21,No
12623,1,108563.0,0.0,7.2,Extended,26,Yes
22835,1,18825.0,0.0,40.0,Extended,24,Yes
61685,1,289760.0,0.0,4.5,24 hours,20,Yes
86660,1,220308.0,0.0,7.1,Extended,12,Yes
70781,1,Unknown,0.0,5.3,24 hours,1,No drivethru
46875,0,45932.0,0.0,10.5,Regular,8,No
96240,1,186591.0,0.0,6.8,Regular,20,No
93567,1,40925.0,0.0,11.9,Regular,28,No
17603,1,145746.0,0.0,7.9,24 hours,2,Yes
44186,1,92695.0,0.0,6.5,Extended,6,No
56761,1,124003.0,1.0,4.1,24 hours,20,Yes
71045,1,Unknown,0.0,6.0,Regular,3,No drivethru
40131,1,266042.0,0.0,6.8,Extended,15,No
37177,1,206683.0,1.0,5.9,Extended,15,Yes
23066,1,258593.0,0.0,5.6,Regular,23,No
61889,1,46026.0,0.0,7.3,,9,No
34980,1,89667.0,0.0,7.4,Extended,24,No
40666,1,93258.0,0.0,6.8,Regular,7,No
84912,1,192318.0,0.0,6.6,24 hours,27,Yes
29482,1,270266.0,0.0,5.3,Regular,25,Yes
85687,1,26662.0,0.0,9.1,24 hours,16,Yes
66045,1,Unknown,0.0,7.0,Extended,6,No drivethru
85557,1,243029.0,0.0,4.6,Extended,10,No
80499,1,100021.0,0.0,7.1,Extended,24,Yes
22635,1,275389.0,0.0,5.3,24 hours,27,No
23969,0,277169.0,0.0,4.5,Regular,22,No
72777,1,17805.0,0.0,14.4,Extended,15,Yes
14249,1,231969.0,0.0,5.2,24 hours,22,No
91866,1,53674.0,0.0,9.4,Extended,9,Yes
97464,1,157215.0,0.0,5.0,Regular,8,Yes
